id,url,region,region_url,price,year,make,model,condition,cylinders,fuel,odometer,title_status,transmission,VIN,drive,size,type,paint_color,image_url,description,county,state,lat,long,posting_date
7312188946,https://raleigh.craigslist.org/cto/d/kure-beach-2018-tesla-model-long-range/7312188946.html,raleigh / durham / CH,https://raleigh.craigslist.org,42900,2018,tesla,3,excellent,,electric,46917,clean,automatic,5YJ3E1EA4JF032409,rwd,,sedan,silver,https://images.craigslist.org/01313_7scz0JAgH0fz_0CI0pc_600x450.jpg,NA,,nc,33.9927,-77.9099,2021-04-24T21:58:22-0400
7310859240,https://raleigh.craigslist.org/cto/d/raleigh-2019-tesla-full-self-driving/7310859240.html,raleigh / durham / CH,https://raleigh.craigslist.org,39000,2019,tesla,3 standard range plus,excellent,other,electric,24500,lien,other,5YJ3E1EA2KF306613,rwd,,sedan,black,https://images.craigslist.org/00M0M_fnWLlWsRicrz_0CI0t2_600x450.jpg,NA,,nc,35.8673,-78.5381,2021-04-22T11:39:57-0400
7315697337,https://smd.craigslist.org/cto/d/huntingtown-2018-tesla-model/7315697337.html,southern maryland,https://smd.craigslist.org,47800,2018,tesla,model 3,like new,,electric,15542,clean,automatic,5YJ3E1EB9JF133941,4wd,mid-size,sedan,blue,https://images.craigslist.org/01515_lRKqb3hBrn4z_0ne0d3_600x450.jpg,NA,,md,38.6095,-76.6003,2021-05-02T08:46:12-0400
7303491083,https://delaware.craigslist.org/cto/d/newark-tesla-model-lrpremium/7303491083.html,delaware,https://delaware.craigslist.org,42200,2018,tesla,model 3,excellent,other,electric,18900,clean,other,,rwd,mid-size,sedan,white,https://images.craigslist.org/00303_eGYQifsn0N2z_0ow0k8_600x450.jpg,NA,,de,39.69191,-75.745776,2021-04-07T23:25:06-0400
7316395983,https://newjersey.craigslist.org/cto/d/mendham-2018-tesla-model-lr-rwd/7316395983.html,north jersey,https://newjersey.craigslist.org,42000,2018,tesla,model 3,excellent,other,electric,24000,clean,automatic,,rwd,,sedan,blue,https://images.craigslist.org/00V0V_bWkmluelG5Dz_0CI0t2_600x450.jpg,NA,,nj,40.7789,-74.6,2021-05-03T16:06:39-0400
7302777282,https://winchester.craigslist.org/ctd/d/manassas-2018-tesla-model-range-battery/7302777282.html,winchester,https://winchester.craigslist.org,40795,2018,tesla,model 3,,,other,24908,clean,automatic,5YJ3E1EA9JF023642,,,sedan,black,https://images.craigslist.org/00J0J_cNXIY16oxZmz_0cU09G_600x450.jpg,NA,,va,38.762669,-77.461754,2021-04-06T15:51:27-0400
7310621991,https://southjersey.craigslist.org/cto/d/avalon-tesla-model-long-range-awd-full/7310621991.html,south jersey,https://southjersey.craigslist.org,49500,2019,tesla,model 3,like new,other,electric,12900,clean,automatic,,4wd,,,black,https://images.craigslist.org/00909_2QjH6S09PG5z_0hy0km_600x450.jpg,NA,,nj,39.099666,-74.73175,2021-04-21T19:30:24-0400
7312870578,https://rochester.craigslist.org/cto/d/rochester-tesla-model-sr/7312870578.html,rochester,https://rochester.craigslist.org,36500,2019,tesla,model 3,like new,,electric,38000,clean,other,,rwd,,sedan,white,https://images.craigslist.org/00q0q_xjMIkiCmENz_0CI0pO_600x450.jpg,NA,,ny,43.084034,-77.636261,2021-04-26T12:48:59-0400
7315581905,https://annapolis.craigslist.org/cto/d/annapolis-2020-tesla-model-standard/7315581905.html,annapolis,https://annapolis.craigslist.org,39000,2020,tesla,model 3,like new,,electric,4034,lien,automatic,5YJ3E1EA3LF792947,rwd,,sedan,,https://images.craigslist.org/00e0e_ew7RGeZn3v3z_0CI0t2_600x450.jpg,NA,,md,38.9898,-76.5501,2021-05-01T20:08:26-0400
7316173673,https://capecod.craigslist.org/cto/d/harwich-2020-tesla-model-dual-motor/7316173673.html,cape cod / islands,https://capecod.craigslist.org,46500,2020,tesla,model 3,excellent,other,electric,8200,clean,automatic,5YJ3E1EB1LF620828,4wd,mid-size,sedan,white,https://images.craigslist.org/00404_cxVSXiwvumLz_0ak07K_600x450.jpg,NA,,ma,41.7008,-70.0579,2021-05-03T10:16:16-0400
7311933886,https://raleigh.craigslist.org/cto/d/apex-2018-tesla-model-awd-dual-moter/7311933886.html,raleigh / durham / CH,https://raleigh.craigslist.org,42300,2018,tesla,model 3 awd dual moter,excellent,other,electric,42300,lien,other,,,mid-size,sedan,black,https://images.craigslist.org/00303_7wDc75ozAU0z_0CI0t2_600x450.jpg,NA,,nc,35.772205,-78.960574,2021-04-24T13:08:42-0400
7315696069,https://westernmass.craigslist.org/ctd/d/springfield-2018-tesla-model-long-range/7315696069.html,western massachusetts,https://westernmass.craigslist.org,39990,2018,tesla,model 3 long range sedan,good,,hybrid,28456,clean,other,5YJ3E1EA9JF018893,rwd,,sedan,,https://images.craigslist.org/00R0R_lwWjXSEWNa7z_0x20oM_600x450.jpg,NA,,ma,42.11,-72.53,2021-05-02T08:41:21-0400
7315914263,https://hudsonvalley.craigslist.org/ctd/d/kingston-2018-tesla-model-long-range/7315914263.html,hudson valley,https://hudsonvalley.craigslist.org,39990,2018,tesla,model 3 long range sedan,good,,hybrid,28456,clean,other,5YJ3E1EA9JF018893,rwd,,sedan,,https://images.craigslist.org/00R0R_lwWjXSEWNa7z_0x20oM_600x450.jpg,NA,,ny,41.93,-73.99,2021-05-02T16:30:58-0400
7308871577,https://rochester.craigslist.org/ctd/d/rochester-2020-tesla-model-long-range/7308871577.html,rochester,https://rochester.craigslist.org,49990,2020,tesla,model 3 long range sedan,good,,electric,3996,clean,other,5YJ3E1EB2LF783147,,,sedan,white,https://images.craigslist.org/00N0N_1xMPvfxRAIdz_0gw0co_600x450.jpg,NA,,ny,43.16,-77.61,2021-04-18T15:00:40-0400
7308883135,https://buffalo.craigslist.org/ctd/d/buffalo-2020-tesla-model-long-range/7308883135.html,buffalo,https://buffalo.craigslist.org,49990,2020,tesla,model 3 long range sedan,good,,electric,3996,clean,other,5YJ3E1EB2LF783147,,,sedan,white,https://images.craigslist.org/00N0N_1xMPvfxRAIdz_0gw0co_600x450.jpg,NA,,ny,42.88,-78.85,2021-04-18T15:20:37-0400
7308894612,https://syracuse.craigslist.org/ctd/d/syracuse-2020-tesla-model-long-range/7308894612.html,syracuse,https://syracuse.craigslist.org,49990,2020,tesla,model 3 long range sedan,good,,electric,3996,clean,other,5YJ3E1EB2LF783147,,,sedan,white,https://images.craigslist.org/00N0N_1xMPvfxRAIdz_0gw0co_600x450.jpg,NA,,ny,43.04,-76.14,2021-04-18T15:40:44-0400
7308654316,https://westernmass.craigslist.org/ctd/d/springfield-2018-tesla-model-mid-range/7308654316.html,western massachusetts,https://westernmass.craigslist.org,40990,2018,tesla,model 3 mid range sedan 4d,good,,electric,13638,clean,other,5YJ3E1EA0JF153065,rwd,,sedan,white,https://images.craigslist.org/00m0m_5JPOVAZeKDVz_0gw0co_600x450.jpg,NA,,ma,42.11,-72.53,2021-04-18T06:50:24-0400
7308900311,https://hudsonvalley.craigslist.org/ctd/d/kingston-2018-tesla-model-mid-range/7308900311.html,hudson valley,https://hudsonvalley.craigslist.org,40990,2018,tesla,model 3 mid range sedan 4d,good,,electric,13638,clean,other,5YJ3E1EA0JF153065,rwd,,sedan,white,https://images.craigslist.org/00m0m_5JPOVAZeKDVz_0gw0co_600x450.jpg,NA,,ny,41.93,-73.99,2021-04-18T15:50:46-0400
7309964991,https://elmira.craigslist.org/cto/d/corning-2019-tesla-model-performance/7309964991.html,elmira-corning,https://elmira.craigslist.org,49900,2019,tesla,model 3 performance,,,electric,39000,clean,automatic,,,,,,https://images.craigslist.org/00V0V_dvJhYiPSoS6z_0y10pv_600x450.jpg,NA,,ny,42.1383,-77.0475,2021-04-20T15:03:05-0400
7311876280,https://elmira.craigslist.org/cto/d/corning-2019-tesla-model-performance/7311876280.html,elmira-corning,https://elmira.craigslist.org,49900,2019,tesla,model 3 performance,,,electric,39000,clean,automatic,,,,,,https://images.craigslist.org/00V0V_dvJhYiPSoS6z_0y10pv_600x450.jpg,NA,,ny,42.1383,-77.0475,2021-04-24T11:38:18-0400
7313742002,https://washingtondc.craigslist.org/nva/ctd/d/washington-2019-tesla-model-standard/7313742002.html,"washington, DC",https://washingtondc.craigslist.org,38990,2019,tesla,model 3 standard range,good,,electric,7609,clean,other,5YJ3E1EA0KF436308,rwd,,sedan,,https://images.craigslist.org/00U0U_jZ7H6hU0wuNz_0gw0co_600x450.jpg,NA,,dc,38.89,-77.03,2021-04-28T07:41:02-0400
7313771423,https://utica.craigslist.org/ctd/d/utica-2019-tesla-model-standard-range/7313771423.html,utica-rome-oneida,https://utica.craigslist.org,38990,2019,tesla,model 3 standard range,good,,electric,7609,clean,other,5YJ3E1EA0KF436308,rwd,,sedan,,https://images.craigslist.org/00U0U_jZ7H6hU0wuNz_0gw0co_600x450.jpg,NA,,ny,43.1,-75.23,2021-04-28T09:21:17-0400
7313780266,https://fingerlakes.craigslist.org/ctd/d/geneva-2019-tesla-model-standard-range/7313780266.html,finger lakes,https://fingerlakes.craigslist.org,38990,2019,tesla,model 3 standard range,good,,electric,7609,clean,other,5YJ3E1EA0KF436308,rwd,,sedan,,https://images.craigslist.org/00U0U_jZ7H6hU0wuNz_0gw0co_600x450.jpg,NA,,ny,42.86,-76.98,2021-04-28T09:41:01-0400
7313763375,https://scranton.craigslist.org/ctd/d/scranton-2019-tesla-model-standard/7313763375.html,scranton / wilkes-barre,https://scranton.craigslist.org,38990,2019,tesla,model 3 standard range,good,,electric,7609,clean,other,5YJ3E1EA0KF436308,rwd,,sedan,,https://images.craigslist.org/00U0U_jZ7H6hU0wuNz_0gw0co_600x450.jpg,NA,,pa,41.4,-75.66,2021-04-28T09:01:24-0400
7313795059,https://york.craigslist.org/ctd/d/york-2019-tesla-model-standard-range/7313795059.html,york,https://york.craigslist.org,38990,2019,tesla,model 3 standard range,good,,electric,7609,clean,other,5YJ3E1EA0KF436308,rwd,,sedan,,https://images.craigslist.org/00U0U_jZ7H6hU0wuNz_0gw0co_600x450.jpg,NA,,pa,39.96,-76.73,2021-04-28T10:11:12-0400
7313816142,https://lancaster.craigslist.org/ctd/d/lancaster-2019-tesla-model-standard/7313816142.html,lancaster,https://lancaster.craigslist.org,38990,2019,tesla,model 3 standard range,good,,electric,7609,clean,other,5YJ3E1EA0KF436308,rwd,,sedan,,https://images.craigslist.org/00U0U_jZ7H6hU0wuNz_0gw0co_600x450.jpg,NA,,pa,40.03319,-76.24058,2021-04-28T10:51:27-0400
7313928602,https://harrisburg.craigslist.org/ctd/d/harrisburg-2019-tesla-model-standard/7313928602.html,harrisburg,https://harrisburg.craigslist.org,38990,2019,tesla,model 3 standard range,good,,electric,7609,clean,other,5YJ3E1EA0KF436308,rwd,,sedan,,https://images.craigslist.org/00U0U_jZ7H6hU0wuNz_0gw0co_600x450.jpg,NA,,pa,40.27,-76.88,2021-04-28T13:51:12-0400
7313977236,https://pennstate.craigslist.org/ctd/d/state-college-2019-tesla-model-standard/7313977236.html,state college,https://pennstate.craigslist.org,38990,2019,tesla,model 3 standard range,good,,electric,7609,clean,other,5YJ3E1EA0KF436308,rwd,,sedan,,https://images.craigslist.org/00U0U_jZ7H6hU0wuNz_0gw0co_600x450.jpg,NA,,pa,40.79,-77.85,2021-04-28T15:11:07-0400
7313857802,https://norfolk.craigslist.org/ctd/d/chesapeake-2019-tesla-model-standard/7313857802.html,norfolk / hampton roads,https://norfolk.craigslist.org,38990,2019,tesla,model 3 standard range,good,,electric,7609,clean,other,5YJ3E1EA0KF436308,rwd,,sedan,,https://images.craigslist.org/00U0U_jZ7H6hU0wuNz_0gw0co_600x450.jpg,NA,,va,36.67,-76.3,2021-04-28T12:01:14-0400
7313349164,https://chambersburg.craigslist.org/ctd/d/hyndman-2019-tesla-model-standard-range/7313349164.html,cumberland valley,https://chambersburg.craigslist.org,37990,2019,tesla,model 3 standard range,good,,other,8350,clean,other,5YJ3E1EA3KF474180,rwd,,sedan,white,https://images.craigslist.org/00E0E_6kpqW6Z8e3uz_0gw0co_600x450.jpg,NA,,md,39.82,-78.72,2021-04-27T11:51:13-0400
7313319660,https://chautauqua.craigslist.org/ctd/d/mayville-2019-tesla-model-standard/7313319660.html,chautauqua,https://chautauqua.craigslist.org,37990,2019,tesla,model 3 standard range,good,,other,8350,clean,other,5YJ3E1EA3KF474180,rwd,,sedan,white,https://images.craigslist.org/00E0E_6kpqW6Z8e3uz_0gw0co_600x450.jpg,NA,,ny,42.25,-79.5,2021-04-27T11:01:34-0400
7313331493,https://catskills.craigslist.org/ctd/d/catskill-2019-tesla-model-standard/7313331493.html,catskills,https://catskills.craigslist.org,37990,2019,tesla,model 3 standard range,good,,other,8350,clean,other,5YJ3E1EA3KF474180,rwd,,sedan,white,https://images.craigslist.org/00E0E_6kpqW6Z8e3uz_0gw0co_600x450.jpg,NA,,ny,42.21,-73.86,2021-04-27T11:21:49-0400
7313337140,https://altoona.craigslist.org/ctd/d/altoona-2019-tesla-model-standard-range/7313337140.html,altoona-johnstown,https://altoona.craigslist.org,37990,2019,tesla,model 3 standard range,good,,other,8350,clean,other,5YJ3E1EA3KF474180,rwd,,sedan,white,https://images.craigslist.org/00E0E_6kpqW6Z8e3uz_0gw0co_600x450.jpg,NA,,pa,40.5,-78.4,2021-04-27T11:31:24-0400
7313319670,https://martinsburg.craigslist.org/ctd/d/augusta-2019-tesla-model-standard-range/7313319670.html,eastern panhandle,https://martinsburg.craigslist.org,37990,2019,tesla,model 3 standard range,good,,other,8350,clean,other,5YJ3E1EA3KF474180,rwd,,sedan,white,https://images.craigslist.org/00E0E_6kpqW6Z8e3uz_0gw0co_600x450.jpg,NA,,wv,39.3,-78.59,2021-04-27T11:01:35-0400
7308932337,https://hartford.craigslist.org/ctd/d/hartford-2019-tesla-model-standard/7308932337.html,hartford,https://hartford.craigslist.org,37590,2019,tesla,model 3 standard range,good,,electric,18994,clean,other,5YJ3E1EA8KF311265,rwd,,sedan,,https://images.craigslist.org/00N0N_1xMPvfxRAIdz_0gw0co_600x450.jpg,NA,,ct,41.76,-72.68,2021-04-18T16:50:37-0400
7308802285,https://southcoast.craigslist.org/ctd/d/boston-2019-tesla-model-standard-range/7308802285.html,south coast,https://southcoast.craigslist.org,37590,2019,tesla,model 3 standard range,good,,electric,18994,clean,other,5YJ3E1EA8KF311265,rwd,,sedan,,https://images.craigslist.org/00N0N_1xMPvfxRAIdz_0gw0co_600x450.jpg,NA,,ma,42.35,-71.06,2021-04-18T13:00:30-0400
7308921823,https://worcester.craigslist.org/ctd/d/worcester-2019-tesla-model-standard/7308921823.html,worcester / central MA,https://worcester.craigslist.org,37590,2019,tesla,model 3 standard range,good,,electric,18994,clean,other,5YJ3E1EA8KF311265,rwd,,sedan,,https://images.craigslist.org/00N0N_1xMPvfxRAIdz_0gw0co_600x450.jpg,NA,,ma,42.26,-71.8,2021-04-18T16:30:30-0400
7308921765,https://raleigh.craigslist.org/ctd/d/raleigh-2019-tesla-model-standard-range/7308921765.html,raleigh / durham / CH,https://raleigh.craigslist.org,37590,2019,tesla,model 3 standard range,good,,electric,18994,clean,other,5YJ3E1EA8KF311265,rwd,,sedan,,https://images.craigslist.org/00N0N_1xMPvfxRAIdz_0gw0co_600x450.jpg,NA,,nc,35.82,-78.65,2021-04-18T16:30:25-0400
7308877652,https://cnj.craigslist.org/ctd/d/trenton-2019-tesla-model-standard-range/7308877652.html,central NJ,https://cnj.craigslist.org,37590,2019,tesla,model 3 standard range,good,,electric,18994,clean,other,5YJ3E1EA8KF311265,rwd,,sedan,,https://images.craigslist.org/00N0N_1xMPvfxRAIdz_0gw0co_600x450.jpg,NA,,nj,40.22,-74.76,2021-04-18T15:10:53-0400
7308894321,https://southjersey.craigslist.org/ctd/d/vineland-2019-tesla-model-standard/7308894321.html,south jersey,https://southjersey.craigslist.org,37590,2019,tesla,model 3 standard range,good,,electric,18994,clean,other,5YJ3E1EA8KF311265,rwd,,sedan,,https://images.craigslist.org/00N0N_1xMPvfxRAIdz_0gw0co_600x450.jpg,NA,,nj,39.46,-74.99,2021-04-18T15:40:23-0400
7308894472,https://pittsburgh.craigslist.org/ctd/d/pittsburgh-2019-tesla-model-standard/7308894472.html,pittsburgh,https://pittsburgh.craigslist.org,37590,2019,tesla,model 3 standard range,good,,electric,18994,clean,other,5YJ3E1EA8KF311265,rwd,,sedan,,https://images.craigslist.org/00N0N_1xMPvfxRAIdz_0gw0co_600x450.jpg,NA,,pa,40.43,-79.97,2021-04-18T15:40:34-0400
7308921772,https://allentown.craigslist.org/ctd/d/easton-2019-tesla-model-standard-range/7308921772.html,lehigh valley,https://allentown.craigslist.org,37590,2019,tesla,model 3 standard range,good,,electric,18994,clean,other,5YJ3E1EA8KF311265,rwd,,sedan,,https://images.craigslist.org/00N0N_1xMPvfxRAIdz_0gw0co_600x450.jpg,NA,,pa,40.68,-75.22,2021-04-18T16:30:26-0400
7308871499,https://providence.craigslist.org/ctd/d/providence-2019-tesla-model-standard/7308871499.html,rhode island,https://providence.craigslist.org,37590,2019,tesla,model 3 standard range,good,,electric,18994,clean,other,5YJ3E1EA8KF311265,rwd,,sedan,,https://images.craigslist.org/00N0N_1xMPvfxRAIdz_0gw0co_600x450.jpg,NA,,ri,41.82,-71.41,2021-04-18T15:00:35-0400
7313046706,https://hartford.craigslist.org/ctd/d/hartford-2019-tesla-model-standard/7313046706.html,hartford,https://hartford.craigslist.org,37990,2019,tesla,model 3 standard range,good,,electric,22544,clean,other,5YJ3E1EA9KF415988,rwd,,sedan,white,https://images.craigslist.org/00S0S_c7U7fnaC3NSz_0gw0co_600x450.jpg,NA,,ct,41.76,-72.68,2021-04-26T17:31:08-0400
7313046668,https://worcester.craigslist.org/ctd/d/worcester-2019-tesla-model-standard/7313046668.html,worcester / central MA,https://worcester.craigslist.org,37990,2019,tesla,model 3 standard range,good,,electric,22544,clean,other,5YJ3E1EA9KF415988,rwd,,sedan,white,https://images.craigslist.org/00S0S_c7U7fnaC3NSz_0gw0co_600x450.jpg,NA,,ma,42.26,-71.8,2021-04-26T17:31:05-0400
7313754018,https://boston.craigslist.org/gbs/ctd/d/cambridge-2019-tesla-model-standard/7313754018.html,boston,https://boston.craigslist.org,37990,2019,tesla,model 3 standard range,good,,electric,22544,clean,other,5YJ3E1EA9KF415988,rwd,,sedan,white,https://images.craigslist.org/00S0S_c7U7fnaC3NSz_0gw0co_600x450.jpg,NA,,ma,42.37,-71.11,2021-04-28T08:31:18-0400
7313763409,https://smd.craigslist.org/ctd/d/alexandria-2019-tesla-model-standard/7313763409.html,southern maryland,https://smd.craigslist.org,37990,2019,tesla,model 3 standard range,good,,electric,22544,clean,other,5YJ3E1EA9KF415988,rwd,,sedan,white,https://images.craigslist.org/00S0S_c7U7fnaC3NSz_0gw0co_600x450.jpg,NA,,md,38.82,-77.08,2021-04-28T09:01:27-0400
7316291474,https://easternshore.craigslist.org/ctd/d/ocean-city-2019-tesla-model-standard/7316291474.html,eastern shore,https://easternshore.craigslist.org,37990,2019,tesla,model 3 standard range,good,,electric,22544,clean,other,5YJ3E1EA9KF415988,rwd,,sedan,white,https://images.craigslist.org/00S0S_c7U7fnaC3NSz_0gw0co_600x450.jpg,NA,,md,38.33,-75.08,2021-05-03T13:21:31-0400
7312971107,https://raleigh.craigslist.org/ctd/d/raleigh-2019-tesla-model-standard-range/7312971107.html,raleigh / durham / CH,https://raleigh.craigslist.org,37990,2019,tesla,model 3 standard range,good,,electric,22544,clean,other,5YJ3E1EA9KF415988,rwd,,sedan,white,https://images.craigslist.org/00S0S_c7U7fnaC3NSz_0gw0co_600x450.jpg,NA,,nc,35.82,-78.65,2021-04-26T15:21:26-0400
7313742060,https://greensboro.craigslist.org/ctd/d/greensboro-2019-tesla-model-standard/7313742060.html,greensboro,https://greensboro.craigslist.org,37990,2019,tesla,model 3 standard range,good,,electric,22544,clean,other,5YJ3E1EA9KF415988,rwd,,sedan,white,https://images.craigslist.org/00S0S_c7U7fnaC3NSz_0gw0co_600x450.jpg,NA,,nc,36.07,-79.82,2021-04-28T07:41:12-0400
7312871866,https://jerseyshore.craigslist.org/ctd/d/ocean-city-2019-tesla-model-standard/7312871866.html,jersey shore,https://jerseyshore.craigslist.org,37990,2019,tesla,model 3 standard range,good,,electric,22544,clean,other,5YJ3E1EA9KF415988,rwd,,sedan,white,https://images.craigslist.org/00S0S_c7U7fnaC3NSz_0gw0co_600x450.jpg,NA,,nj,39.26,-74.6,2021-04-26T12:50:53-0400
7312945541,https://cnj.craigslist.org/ctd/d/trenton-2019-tesla-model-standard-range/7312945541.html,central NJ,https://cnj.craigslist.org,37990,2019,tesla,model 3 standard range,good,,electric,22544,clean,other,5YJ3E1EA9KF415988,rwd,,sedan,white,https://images.craigslist.org/00S0S_c7U7fnaC3NSz_0gw0co_600x450.jpg,NA,,nj,40.22,-74.76,2021-04-26T14:41:01-0400
7312977366,https://newjersey.craigslist.org/ctd/d/ringoes-2019-tesla-model-standard-range/7312977366.html,north jersey,https://newjersey.craigslist.org,37990,2019,tesla,model 3 standard range,good,,electric,22544,clean,other,5YJ3E1EA9KF415988,rwd,,sedan,white,https://images.craigslist.org/00S0S_c7U7fnaC3NSz_0gw0co_600x450.jpg,NA,,nj,40.44,-74.82,2021-04-26T15:31:17-0400
7313046975,https://albany.craigslist.org/ctd/d/albany-2019-tesla-model-standard-range/7313046975.html,albany,https://albany.craigslist.org,37990,2019,tesla,model 3 standard range,good,,electric,22544,clean,other,5YJ3E1EA9KF415988,rwd,,sedan,white,https://images.craigslist.org/00S0S_c7U7fnaC3NSz_0gw0co_600x450.jpg,NA,,ny,42.66,-73.79,2021-04-26T17:31:34-0400
7316343277,https://watertown.craigslist.org/ctd/d/watertown-2019-tesla-model-standard/7316343277.html,watertown,https://watertown.craigslist.org,37990,2019,tesla,model 3 standard range,good,,electric,22544,clean,other,5YJ3E1EA9KF415988,rwd,,sedan,white,https://images.craigslist.org/00S0S_c7U7fnaC3NSz_0gw0co_600x450.jpg,NA,,ny,43.97,-75.91,2021-05-03T14:41:12-0400
7312977399,https://allentown.craigslist.org/ctd/d/easton-2019-tesla-model-standard-range/7312977399.html,lehigh valley,https://allentown.craigslist.org,37990,2019,tesla,model 3 standard range,good,,electric,22544,clean,other,5YJ3E1EA9KF415988,rwd,,sedan,white,https://images.craigslist.org/00S0S_c7U7fnaC3NSz_0gw0co_600x450.jpg,NA,,pa,40.68,-75.22,2021-04-26T15:31:21-0400
7313051839,https://pittsburgh.craigslist.org/ctd/d/pittsburgh-2019-tesla-model-standard/7313051839.html,pittsburgh,https://pittsburgh.craigslist.org,37990,2019,tesla,model 3 standard range,good,,electric,22544,clean,other,5YJ3E1EA9KF415988,rwd,,sedan,white,https://images.craigslist.org/00S0S_c7U7fnaC3NSz_0gw0co_600x450.jpg,NA,,pa,40.43,-79.97,2021-04-26T17:41:01-0400
7312971124,https://providence.craigslist.org/ctd/d/providence-2019-tesla-model-standard/7312971124.html,rhode island,https://providence.craigslist.org,37990,2019,tesla,model 3 standard range,good,,electric,22544,clean,other,5YJ3E1EA9KF415988,rwd,,sedan,white,https://images.craigslist.org/00S0S_c7U7fnaC3NSz_0gw0co_600x450.jpg,NA,,ri,41.82,-71.41,2021-04-26T15:21:28-0400
7313749049,https://charleston.craigslist.org/ctd/d/charleston-2019-tesla-model-standard/7313749049.html,charleston,https://charleston.craigslist.org,37990,2019,tesla,model 3 standard range,good,,electric,22544,clean,other,5YJ3E1EA9KF415988,rwd,,sedan,white,https://images.craigslist.org/00S0S_c7U7fnaC3NSz_0gw0co_600x450.jpg,NA,,sc,32.78,-79.99,2021-04-28T08:11:44-0400
7313928472,https://harrisonburg.craigslist.org/ctd/d/harrisonburg-2019-tesla-model-standard/7313928472.html,harrisonburg,https://harrisonburg.craigslist.org,37990,2019,tesla,model 3 standard range,good,,electric,22544,clean,other,5YJ3E1EA9KF415988,rwd,,sedan,white,https://images.craigslist.org/00S0S_c7U7fnaC3NSz_0gw0co_600x450.jpg,NA,,va,38.43,-78.87,2021-04-28T13:51:03-0400
7316411165,https://fredericksburg.craigslist.org/ctd/d/fredericksburg-2019-tesla-model/7316411165.html,fredericksburg,https://fredericksburg.craigslist.org,37990,2019,tesla,model 3 standard range,good,,electric,22544,clean,other,5YJ3E1EA9KF415988,rwd,,sedan,white,https://images.craigslist.org/00S0S_c7U7fnaC3NSz_0gw0co_600x450.jpg,NA,,va,38.29,-77.48,2021-05-03T16:32:09-0400
7312256167,https://westernmass.craigslist.org/ctd/d/springfield-2019-tesla-model-standard/7312256167.html,western massachusetts,https://westernmass.craigslist.org,35990,2019,tesla,model 3 standard range,good,,hybrid,22749,clean,other,5YJ3E1EA4KF398436,rwd,,sedan,black,https://images.craigslist.org/01111_1UgByUFwyehz_0gw0co_600x450.jpg,NA,,ma,42.11,-72.53,2021-04-25T07:21:00-0400
7312460642,https://hudsonvalley.craigslist.org/ctd/d/kingston-2019-tesla-model-standard/7312460642.html,hudson valley,https://hudsonvalley.craigslist.org,35990,2019,tesla,model 3 standard range,good,,hybrid,22749,clean,other,5YJ3E1EA4KF398436,rwd,,sedan,black,https://images.craigslist.org/01111_1UgByUFwyehz_0gw0co_600x450.jpg,NA,,ny,41.93,-73.99,2021-04-25T15:11:08-0400
7313325415,https://nwct.craigslist.org/ctd/d/collinsville-2019-tesla-model-standard/7313325415.html,northwest CT,https://nwct.craigslist.org,36590,2019,tesla,model 3 standard range,good,,electric,23057,clean,other,5YJ3E1EA7KF483206,rwd,,sedan,white,https://images.craigslist.org/00F0F_4BrhcnZWhfzz_0gw0co_600x450.jpg,NA,,ct,41.81,-72.9,2021-04-27T11:11:33-0400
7314934173,https://newhaven.craigslist.org/ctd/d/new-haven-2019-tesla-model-standard/7314934173.html,new haven,https://newhaven.craigslist.org,36590,2019,tesla,model 3 standard range,good,,electric,23057,clean,other,5YJ3E1EA7KF483206,rwd,,sedan,white,https://images.craigslist.org/00F0F_4BrhcnZWhfzz_0gw0co_600x450.jpg,NA,,ct,41.31,-72.92,2021-04-30T14:31:39-0400
7312741058,https://southcoast.craigslist.org/ctd/d/boston-2019-tesla-model-standard-range/7312741058.html,south coast,https://southcoast.craigslist.org,36590,2019,tesla,model 3 standard range,good,,electric,23057,clean,other,5YJ3E1EA7KF483206,rwd,,sedan,white,https://images.craigslist.org/00F0F_4BrhcnZWhfzz_0gw0co_600x450.jpg,NA,,ma,42.35,-71.06,2021-04-26T09:14:49-0400
7313407416,https://frederick.craigslist.org/ctd/d/frederick-2019-tesla-model-standard/7313407416.html,frederick,https://frederick.craigslist.org,36590,2019,tesla,model 3 standard range,good,,electric,23057,clean,other,5YJ3E1EA7KF483206,rwd,,sedan,white,https://images.craigslist.org/00F0F_4BrhcnZWhfzz_0gw0co_600x450.jpg,NA,,md,39.42,-77.41,2021-04-27T13:21:21-0400
7314946343,https://baltimore.craigslist.org/ctd/d/baltimore-2019-tesla-model-standard/7314946343.html,baltimore,https://baltimore.craigslist.org,36590,2019,tesla,model 3 standard range,good,,electric,23057,clean,other,5YJ3E1EA7KF483206,rwd,,sedan,white,https://images.craigslist.org/00F0F_4BrhcnZWhfzz_0gw0co_600x450.jpg,NA,,md,39.3,-76.61,2021-04-30T14:51:06-0400
7313041304,https://nh.craigslist.org/ctd/d/manchester-2019-tesla-model-standard/7313041304.html,new hampshire,https://nh.craigslist.org,36590,2019,tesla,model 3 standard range,good,,electric,23057,clean,other,5YJ3E1EA7KF483206,rwd,,sedan,white,https://images.craigslist.org/00F0F_4BrhcnZWhfzz_0gw0co_600x450.jpg,NA,,nh,42.99,-71.45,2021-04-26T17:20:59-0400
7314829557,https://ithaca.craigslist.org/ctd/d/ithaca-2019-tesla-model-standard-range/7314829557.html,ithaca,https://ithaca.craigslist.org,36590,2019,tesla,model 3 standard range,good,,electric,23057,clean,other,5YJ3E1EA7KF483206,rwd,,sedan,white,https://images.craigslist.org/00F0F_4BrhcnZWhfzz_0gw0co_600x450.jpg,NA,,ny,42.44,-76.5,2021-04-30T11:41:32-0400
7314976605,https://longisland.craigslist.org/ctd/d/ronkonkoma-2019-tesla-model-standard/7314976605.html,long island,https://longisland.craigslist.org,36590,2019,tesla,model 3 standard range,good,,electric,23057,clean,other,5YJ3E1EA7KF483206,rwd,,sedan,white,https://images.craigslist.org/00F0F_4BrhcnZWhfzz_0gw0co_600x450.jpg,NA,,ny,40.8,-73.12,2021-04-30T15:41:24-0400
7312865095,https://fredericksburg.craigslist.org/ctd/d/fredericksburg-2019-tesla-model/7312865095.html,fredericksburg,https://fredericksburg.craigslist.org,36590,2019,tesla,model 3 standard range,good,,electric,23057,clean,other,5YJ3E1EA7KF483206,rwd,,sedan,white,https://images.craigslist.org/00F0F_4BrhcnZWhfzz_0gw0co_600x450.jpg,NA,,va,38.29,-77.48,2021-04-26T12:40:59-0400
7313432409,https://winchester.craigslist.org/ctd/d/winchester-2019-tesla-model-standard/7313432409.html,winchester,https://winchester.craigslist.org,36590,2019,tesla,model 3 standard range,good,,electric,23057,clean,other,5YJ3E1EA7KF483206,rwd,,sedan,white,https://images.craigslist.org/00F0F_4BrhcnZWhfzz_0gw0co_600x450.jpg,NA,,va,39.17,-78.17,2021-04-27T14:00:58-0400
7312958486,https://easternshore.craigslist.org/ctd/d/ocean-city-2019-tesla-model-standard/7312958486.html,eastern shore,https://easternshore.craigslist.org,35990,2019,tesla,model 3 standard range,good,,gas,31540,clean,other,5YJ3E1EA9KF310531,rwd,,sedan,white,https://images.craigslist.org/01111_2m54heqGeeMz_0gw0co_600x450.jpg,NA,,md,38.33,-75.08,2021-04-26T15:01:21-0400
7312885740,https://watertown.craigslist.org/ctd/d/watertown-2019-tesla-model-standard/7312885740.html,watertown,https://watertown.craigslist.org,35990,2019,tesla,model 3 standard range,good,,gas,31540,clean,other,5YJ3E1EA9KF310531,rwd,,sedan,white,https://images.craigslist.org/01111_2m54heqGeeMz_0gw0co_600x450.jpg,NA,,ny,43.97,-75.91,2021-04-26T13:10:55-0400
7316884111,https://nwct.craigslist.org/ctd/d/collinsville-2020-tesla-model-standard/7316884111.html,northwest CT,https://nwct.craigslist.org,38990,2020,tesla,model 3 standard range,good,,electric,9665,clean,other,5YJ3E1EA7LF504671,,,sedan,white,https://images.craigslist.org/00R0R_lwWjXSEWNa7z_0x20oM_600x450.jpg,NA,,ct,41.81,-72.9,2021-05-04T15:21:33-0400
7316666010,https://washingtondc.craigslist.org/mld/ctd/d/washington-2020-tesla-model-standard/7316666010.html,"washington, DC",https://washingtondc.craigslist.org,38990,2020,tesla,model 3 standard range,good,,electric,9665,clean,other,5YJ3E1EA7LF504671,,,sedan,white,https://images.craigslist.org/00R0R_lwWjXSEWNa7z_0x20oM_600x450.jpg,NA,,dc,38.89,-77.03,2021-05-04T09:19:16-0400
7316853397,https://southcoast.craigslist.org/ctd/d/boston-2020-tesla-model-standard-range/7316853397.html,south coast,https://southcoast.craigslist.org,38990,2020,tesla,model 3 standard range,good,,electric,9665,clean,other,5YJ3E1EA7LF504671,,,sedan,white,https://images.craigslist.org/00R0R_lwWjXSEWNa7z_0x20oM_600x450.jpg,NA,,ma,42.35,-71.06,2021-05-04T14:31:10-0400
7316977280,https://boston.craigslist.org/nos/ctd/d/revere-2020-tesla-model-standard-range/7316977280.html,boston,https://boston.craigslist.org,38990,2020,tesla,model 3 standard range,good,,electric,9665,clean,other,5YJ3E1EA7LF504671,,,sedan,white,https://images.craigslist.org/00R0R_lwWjXSEWNa7z_0x20oM_600x450.jpg,NA,,ma,42.41,-70.99,2021-05-04T18:11:03-0400
7316977428,https://worcester.craigslist.org/ctd/d/worcester-2020-tesla-model-standard/7316977428.html,worcester / central MA,https://worcester.craigslist.org,38990,2020,tesla,model 3 standard range,good,,electric,9665,clean,other,5YJ3E1EA7LF504671,,,sedan,white,https://images.craigslist.org/00R0R_lwWjXSEWNa7z_0x20oM_600x450.jpg,NA,,ma,42.26,-71.8,2021-05-04T18:11:19-0400
7316871706,https://frederick.craigslist.org/ctd/d/frederick-2020-tesla-model-standard/7316871706.html,frederick,https://frederick.craigslist.org,38990,2020,tesla,model 3 standard range,good,,electric,9665,clean,other,5YJ3E1EA7LF504671,,,sedan,white,https://images.craigslist.org/00R0R_lwWjXSEWNa7z_0x20oM_600x450.jpg,NA,,md,39.42,-77.41,2021-05-04T15:01:09-0400
7316982060,https://raleigh.craigslist.org/ctd/d/raleigh-2020-tesla-model-standard-range/7316982060.html,outer banks,https://outerbanks.craigslist.org,38990,2020,tesla,model 3 standard range,good,,electric,9665,clean,other,5YJ3E1EA7LF504671,,,sedan,white,https://images.craigslist.org/00R0R_lwWjXSEWNa7z_0x20oM_600x450.jpg,NA,,nc,35.82,-78.65,2021-05-04T18:21:00-0400
7317000387,https://nh.craigslist.org/ctd/d/manchester-2020-tesla-model-standard/7317000387.html,new hampshire,https://nh.craigslist.org,38990,2020,tesla,model 3 standard range,good,,electric,9665,clean,other,5YJ3E1EA7LF504671,,,sedan,white,https://images.craigslist.org/00R0R_lwWjXSEWNa7z_0x20oM_600x450.jpg,NA,,nh,42.99,-71.45,2021-05-04T19:01:13-0400
7316919213,https://cnj.craigslist.org/ctd/d/trenton-2020-tesla-model-standard-range/7316919213.html,central NJ,https://cnj.craigslist.org,38990,2020,tesla,model 3 standard range,good,,electric,9665,clean,other,5YJ3E1EA7LF504671,,,sedan,white,https://images.craigslist.org/00R0R_lwWjXSEWNa7z_0x20oM_600x450.jpg,NA,,nj,40.22,-74.76,2021-05-04T16:21:12-0400
7316952167,https://jerseyshore.craigslist.org/ctd/d/ocean-city-2020-tesla-model-standard/7316952167.html,jersey shore,https://jerseyshore.craigslist.org,38990,2020,tesla,model 3 standard range,good,,electric,9665,clean,other,5YJ3E1EA7LF504671,,,sedan,white,https://images.craigslist.org/00R0R_lwWjXSEWNa7z_0x20oM_600x450.jpg,NA,,nj,39.26,-74.6,2021-05-04T17:20:59-0400
7316967481,https://newjersey.craigslist.org/ctd/d/ringoes-2020-tesla-model-standard-range/7316967481.html,north jersey,https://newjersey.craigslist.org,38990,2020,tesla,model 3 standard range,good,,electric,9665,clean,other,5YJ3E1EA7LF504671,,,sedan,white,https://images.craigslist.org/00R0R_lwWjXSEWNa7z_0x20oM_600x450.jpg,NA,,nj,40.44,-74.82,2021-05-04T17:51:04-0400
7316967597,https://southjersey.craigslist.org/ctd/d/vineland-2020-tesla-model-standard/7316967597.html,south jersey,https://southjersey.craigslist.org,38990,2020,tesla,model 3 standard range,good,,electric,9665,clean,other,5YJ3E1EA7LF504671,,,sedan,white,https://images.craigslist.org/00R0R_lwWjXSEWNa7z_0x20oM_600x450.jpg,NA,,nj,39.46,-74.99,2021-05-04T17:51:15-0400
7316883750,https://binghamton.craigslist.org/ctd/d/binghamton-2020-tesla-model-standard/7316883750.html,binghamton,https://binghamton.craigslist.org,38990,2020,tesla,model 3 standard range,good,,electric,9665,clean,other,5YJ3E1EA7LF504671,,,sedan,white,https://images.craigslist.org/00R0R_lwWjXSEWNa7z_0x20oM_600x450.jpg,NA,,ny,42.1,-75.91,2021-05-04T15:21:02-0400
7316925178,https://rochester.craigslist.org/ctd/d/rochester-2020-tesla-model-standard/7316925178.html,rochester,https://rochester.craigslist.org,38990,2020,tesla,model 3 standard range,good,,electric,9665,clean,other,5YJ3E1EA7LF504671,,,sedan,white,https://images.craigslist.org/00R0R_lwWjXSEWNa7z_0x20oM_600x450.jpg,NA,,ny,43.16,-77.61,2021-05-04T16:31:45-0400
7316930541,https://buffalo.craigslist.org/ctd/d/buffalo-2020-tesla-model-standard-range/7316930541.html,buffalo,https://buffalo.craigslist.org,38990,2020,tesla,model 3 standard range,good,,electric,9665,clean,other,5YJ3E1EA7LF504671,,,sedan,white,https://images.craigslist.org/00R0R_lwWjXSEWNa7z_0x20oM_600x450.jpg,NA,,ny,42.88,-78.85,2021-05-04T16:41:26-0400
7316982027,https://albany.craigslist.org/ctd/d/albany-2020-tesla-model-standard-range/7316982027.html,albany,https://albany.craigslist.org,38990,2020,tesla,model 3 standard range,good,,electric,9665,clean,other,5YJ3E1EA7LF504671,,,sedan,white,https://images.craigslist.org/00R0R_lwWjXSEWNa7z_0x20oM_600x450.jpg,NA,,ny,42.66,-73.79,2021-05-04T18:20:56-0400
7316986856,https://syracuse.craigslist.org/ctd/d/syracuse-2020-tesla-model-standard/7316986856.html,oneonta,https://oneonta.craigslist.org,38990,2020,tesla,model 3 standard range,good,,electric,9665,clean,other,5YJ3E1EA7LF504671,,,sedan,white,https://images.craigslist.org/00R0R_lwWjXSEWNa7z_0x20oM_600x450.jpg,NA,,ny,43.04,-76.14,2021-05-04T18:31:06-0400
7317000198,https://newyork.craigslist.org/lgi/ctd/d/ronkonkoma-2020-tesla-model-standard/7317000198.html,new york city,https://newyork.craigslist.org,38990,2020,tesla,model 3 standard range,good,,electric,9665,clean,other,5YJ3E1EA7LF504671,,,sedan,white,https://images.craigslist.org/00R0R_lwWjXSEWNa7z_0x20oM_600x450.jpg,NA,,ny,40.8,-73.12,2021-05-04T19:00:44-0400
7316895777,https://reading.craigslist.org/ctd/d/reading-2020-tesla-model-standard-range/7316895777.html,reading,https://reading.craigslist.org,38990,2020,tesla,model 3 standard range,good,,electric,9665,clean,other,5YJ3E1EA7LF504671,,,sedan,white,https://images.craigslist.org/00R0R_lwWjXSEWNa7z_0x20oM_600x450.jpg,NA,,pa,40.33,-75.92,2021-05-04T15:41:18-0400
7316977570,https://allentown.craigslist.org/ctd/d/easton-2020-tesla-model-standard-range/7316977570.html,lehigh valley,https://allentown.craigslist.org,38990,2020,tesla,model 3 standard range,good,,electric,9665,clean,other,5YJ3E1EA7LF504671,,,sedan,white,https://images.craigslist.org/00R0R_lwWjXSEWNa7z_0x20oM_600x450.jpg,NA,,pa,40.68,-75.22,2021-05-04T18:11:34-0400
7317004892,https://pittsburgh.craigslist.org/ctd/d/pittsburgh-2020-tesla-model-standard/7317004892.html,pittsburgh,https://pittsburgh.craigslist.org,38990,2020,tesla,model 3 standard range,good,,electric,9665,clean,other,5YJ3E1EA7LF504671,,,sedan,white,https://images.craigslist.org/00R0R_lwWjXSEWNa7z_0x20oM_600x450.jpg,NA,,pa,40.43,-79.97,2021-05-04T19:10:49-0400
7316957433,https://providence.craigslist.org/ctd/d/providence-2020-tesla-model-standard/7316957433.html,rhode island,https://providence.craigslist.org,38990,2020,tesla,model 3 standard range,good,,electric,9665,clean,other,5YJ3E1EA7LF504671,,,sedan,white,https://images.craigslist.org/00R0R_lwWjXSEWNa7z_0x20oM_600x450.jpg,NA,,ri,41.82,-71.41,2021-05-04T17:30:59-0400
7316841009,https://winchester.craigslist.org/ctd/d/winchester-2020-tesla-model-standard/7316841009.html,winchester,https://winchester.craigslist.org,38990,2020,tesla,model 3 standard range,good,,electric,9665,clean,other,5YJ3E1EA7LF504671,,,sedan,white,https://images.craigslist.org/00R0R_lwWjXSEWNa7z_0x20oM_600x450.jpg,NA,,va,39.17,-78.17,2021-05-04T14:11:49-0400
7311300290,https://newhaven.craigslist.org/ctd/d/new-haven-2020-tesla-model-standard/7311300290.html,new haven,https://newhaven.craigslist.org,39990,2020,tesla,model 3 standard range,good,,electric,10309,clean,other,5YJ3E1EA7LF590869,rwd,,sedan,silver,https://images.craigslist.org/00N0N_1xMPvfxRAIdz_0gw0co_600x450.jpg,NA,,ct,41.31,-72.92,2021-04-23T09:41:20-0400
7311316321,https://annapolis.craigslist.org/ctd/d/annapolis-2020-tesla-model-standard/7311316321.html,annapolis,https://annapolis.craigslist.org,39990,2020,tesla,model 3 standard range,good,,electric,10309,clean,other,5YJ3E1EA7LF590869,rwd,,sedan,silver,https://images.craigslist.org/00N0N_1xMPvfxRAIdz_0gw0co_600x450.jpg,NA,,md,38.97,-76.5,2021-04-23T10:10:51-0400
7311363763,https://baltimore.craigslist.org/ctd/d/baltimore-2020-tesla-model-standard/7311363763.html,baltimore,https://baltimore.craigslist.org,39990,2020,tesla,model 3 standard range,good,,electric,10309,clean,other,5YJ3E1EA7LF590869,rwd,,sedan,silver,https://images.craigslist.org/00N0N_1xMPvfxRAIdz_0gw0co_600x450.jpg,NA,,md,39.3,-76.61,2021-04-23T11:31:05-0400
7312892527,https://southjersey.craigslist.org/ctd/d/vineland-2020-tesla-model-standard/7312892527.html,south jersey,https://southjersey.craigslist.org,39990,2020,tesla,model 3 standard range,good,,electric,10309,clean,other,5YJ3E1EA7LF590869,rwd,,sedan,silver,https://images.craigslist.org/00L0L_5PII0tQWPlKz_0gw0co_600x450.jpg,NA,,nj,39.46,-74.99,2021-04-26T13:21:13-0400
7311369809,https://longisland.craigslist.org/ctd/d/ronkonkoma-2020-tesla-model-standard/7311369809.html,long island,https://longisland.craigslist.org,39990,2020,tesla,model 3 standard range,good,,electric,10309,clean,other,5YJ3E1EA7LF590869,rwd,,sedan,silver,https://images.craigslist.org/00N0N_1xMPvfxRAIdz_0gw0co_600x450.jpg,NA,,ny,40.8,-73.12,2021-04-23T11:40:59-0400
7312865332,https://buffalo.craigslist.org/ctd/d/buffalo-2020-tesla-model-standard-range/7312865332.html,buffalo,https://buffalo.craigslist.org,39990,2020,tesla,model 3 standard range,good,,electric,10309,clean,other,5YJ3E1EA7LF590869,rwd,,sedan,silver,https://images.craigslist.org/00L0L_5PII0tQWPlKz_0gw0co_600x450.jpg,NA,,ny,42.88,-78.85,2021-04-26T12:41:17-0400
7312899576,https://rochester.craigslist.org/ctd/d/rochester-2020-tesla-model-standard/7312899576.html,rochester,https://rochester.craigslist.org,39990,2020,tesla,model 3 standard range,good,,electric,10309,clean,other,5YJ3E1EA7LF590869,rwd,,sedan,silver,https://images.craigslist.org/00L0L_5PII0tQWPlKz_0gw0co_600x450.jpg,NA,,ny,43.16,-77.61,2021-04-26T13:31:22-0400
7312964954,https://syracuse.craigslist.org/ctd/d/syracuse-2020-tesla-model-standard/7312964954.html,syracuse,https://syracuse.craigslist.org,39990,2020,tesla,model 3 standard range,good,,electric,10309,clean,other,5YJ3E1EA7LF590869,rwd,,sedan,silver,https://images.craigslist.org/00L0L_5PII0tQWPlKz_0gw0co_600x450.jpg,NA,,ny,43.04,-76.14,2021-04-26T15:11:24-0400
7312786658,https://reading.craigslist.org/ctd/d/reading-2020-tesla-model-standard-range/7312786658.html,reading,https://reading.craigslist.org,39990,2020,tesla,model 3 standard range,good,,electric,10309,clean,other,5YJ3E1EA7LF590869,rwd,,sedan,silver,https://images.craigslist.org/00L0L_5PII0tQWPlKz_0gw0co_600x450.jpg,NA,,pa,40.33,-75.92,2021-04-26T10:41:01-0400
7316970710,https://cnj.craigslist.org/ctd/d/farmingdale-2013-tesla-model-white-pearl/7316970710.html,central NJ,https://cnj.craigslist.org,40995,2013,tesla,model s,,,electric,4730,clean,automatic,5YJSA1DP8DFP08815,,,,,https://images.craigslist.org/00I0I_i5grQw8H4yzz_0ak06T_600x450.jpg,NA,,nj,40.2043,-74.1779,2021-05-04T17:57:47-0400
7304003613,https://southjersey.craigslist.org/ctd/d/farmingdale-2014-tesla-model-gray/7304003613.html,south jersey,https://southjersey.craigslist.org,39995,2014,tesla,model s,,,electric,45561,clean,automatic,5YJSA1H24EFP67540,,,,,https://images.craigslist.org/00000_g6SqZMw6bKsz_0ak06T_600x450.jpg,NA,,nj,40.2043,-74.1779,2021-04-08T22:58:18-0400
7317031749,https://cnj.craigslist.org/ctd/d/farmingdale-2014-tesla-model-gray/7317031749.html,central NJ,https://cnj.craigslist.org,39995,2014,tesla,model s,,,electric,45561,clean,automatic,5YJSA1H24EFP67540,,,,,https://images.craigslist.org/00000_g6SqZMw6bKsz_0ak06T_600x450.jpg,NA,,nj,40.2043,-74.1779,2021-05-04T20:13:07-0400
7316649013,https://lynchburg.craigslist.org/cto/d/forest-2014-tesla-model/7316649013.html,lynchburg,https://lynchburg.craigslist.org,33261,2014,tesla,model s,excellent,other,electric,92050,clean,other,,rwd,full-size,sedan,blue,https://images.craigslist.org/00F0F_a2sQdcS2Z02z_0CI0iP_600x450.jpg,NA,,va,37.3379,-79.2791,2021-05-04T08:28:57-0400
7315203218,https://washingtondc.craigslist.org/nva/cto/d/centreville-2015-tesla-model-p85d/7315203218.html,"washington, DC",https://washingtondc.craigslist.org,45500,2015,tesla,model s,excellent,other,electric,56004,lien,automatic,,,,sedan,black,https://images.craigslist.org/00X0X_382jUlnoTNhz_0x20oM_600x450.jpg,NA,,dc,38.8448,-77.467,2021-05-01T04:49:33-0400
7310680379,https://providence.craigslist.org/ctd/d/walpole-2015-tesla-model-85d-free/7310680379.html,rhode island,https://providence.craigslist.org,42995,2015,tesla,model s,,,electric,61343,clean,automatic,5YJSA1H27FFP71602,4wd,,sedan,grey,https://images.craigslist.org/00E0E_gwYPQL0xauPz_0g80c6_600x450.jpg,NA,,ri,42.1444,-71.2544,2021-04-21T22:17:55-0400
7312778649,https://maine.craigslist.org/ctd/d/saco-2015-tesla-model-85/7312778649.html,maine,https://maine.craigslist.org,36995,2015,tesla,model s,,,gas,62327,clean,automatic,5YJSA1H1XFF082810,,,other,red,https://images.craigslist.org/00H0H_baranwsx0Plz_0gw0co_600x450.jpg,NA,,me,43.524562,-70.427884,2021-04-26T10:27:34-0400
7316797275,https://baltimore.craigslist.org/ctd/d/finksburg-2016-tesla-model-p90d-sedan/7316797275.html,baltimore,https://baltimore.craigslist.org,74995,2016,tesla,model s,,,electric,27782,clean,other,5YJSA1E43GF171991,,,sedan,blue,https://images.craigslist.org/00p0p_ddv4Dco0PJfz_0ak06S_600x450.jpg,NA,,md,39.4567,-76.9696,2021-05-04T13:04:43-0400
7313421354,https://cnj.craigslist.org/ctd/d/farmingdale-2016-tesla-model-pearl/7313421354.html,central NJ,https://cnj.craigslist.org,40995,2016,tesla,model s,,,electric,41024,clean,automatic,5YJSA1E22GF124255,,,,,https://images.craigslist.org/00U0U_it2XrNhFz5vz_0ak06T_600x450.jpg,NA,,nj,40.2043,-74.1779,2021-04-27T13:43:08-0400
7314833791,https://baltimore.craigslist.org/ctd/d/lutherville-timonium-2016-tesla-model/7314833791.html,baltimore,https://baltimore.craigslist.org,41995,2016,tesla,model s,,,electric,45183,clean,automatic,,4wd,full-size,sedan,grey,https://images.craigslist.org/00t0t_iXCFfId7Uc4z_0ak07K_600x450.jpg,NA,,md,39.444084,-76.60759,2021-04-30T11:48:24-0400
7313397043,https://boston.craigslist.org/nwb/ctd/d/tyngsboro-2017-tesla-model-100d/7313397043.html,boston,https://boston.craigslist.org,59780,2017,tesla,model s,,,electric,22715,clean,automatic,5YJSA1E29HF222328,4wd,,sedan,red,https://images.craigslist.org/00n0n_954znMdtu3Pz_0kE0fu_600x450.jpg,NA,,ma,42.68101,-71.42583,2021-04-27T13:05:12-0400
7302477606,https://hudsonvalley.craigslist.org/ctd/d/rensselaer-2018-tesla-model-75d/7302477606.html,hudson valley,https://hudsonvalley.craigslist.org,55997,2018,tesla,model s,excellent,,gas,11821,clean,automatic,,4wd,,hatchback,black,https://images.craigslist.org/00F0F_fEPp6SbU6xyz_09G07g_600x450.jpg,NA,,ny,42.598179,-73.708295,2021-04-06T03:00:29-0400
7304635284,https://hudsonvalley.craigslist.org/ctd/d/rensselaer-2018-tesla-model-75d/7304635284.html,hudson valley,https://hudsonvalley.craigslist.org,55997,2018,tesla,model s,excellent,,gas,11821,clean,automatic,,4wd,,hatchback,black,https://images.craigslist.org/00F0F_fEPp6SbU6xyz_09G07g_600x450.jpg,NA,,ny,42.598179,-73.708295,2021-04-10T10:00:28-0400
7306854798,https://albany.craigslist.org/ctd/d/rensselaer-2018-tesla-model-75d/7306854798.html,albany,https://albany.craigslist.org,55997,2018,tesla,model s,excellent,,gas,11821,clean,automatic,,4wd,,hatchback,black,https://images.craigslist.org/00F0F_fEPp6SbU6xyz_09G07g_600x450.jpg,NA,,ny,42.598179,-73.708295,2021-04-14T16:00:26-0400
7307667772,https://hudsonvalley.craigslist.org/ctd/d/rensselaer-2018-tesla-model-75d/7307667772.html,hudson valley,https://hudsonvalley.craigslist.org,55997,2018,tesla,model s,excellent,,gas,11821,clean,automatic,,4wd,,hatchback,black,https://images.craigslist.org/00F0F_fEPp6SbU6xyz_09G07g_600x450.jpg,NA,,ny,42.598179,-73.708295,2021-04-16T10:00:55-0400
7311854007,https://albany.craigslist.org/ctd/d/rensselaer-2018-tesla-model-75d/7311854007.html,albany,https://albany.craigslist.org,55997,2018,tesla,model s,excellent,,gas,11821,clean,automatic,,4wd,,hatchback,black,https://images.craigslist.org/00F0F_fEPp6SbU6xyz_09G07g_600x450.jpg,NA,,ny,42.598179,-73.708295,2021-04-24T11:00:52-0400
7313213927,https://hudsonvalley.craigslist.org/ctd/d/rensselaer-2018-tesla-model-75d/7313213927.html,hudson valley,https://hudsonvalley.craigslist.org,55997,2018,tesla,model s,excellent,,gas,11821,clean,automatic,,4wd,,hatchback,black,https://images.craigslist.org/00F0F_fEPp6SbU6xyz_09G07g_600x450.jpg,NA,,ny,42.598179,-73.708295,2021-04-27T03:01:00-0400
7309197669,https://hudsonvalley.craigslist.org/ctd/d/rensselaer-2018-tesla-model-75d/7309197669.html,hudson valley,https://hudsonvalley.craigslist.org,52997,2018,tesla,model s,excellent,,gas,24445,clean,automatic,,4wd,,hatchback,black,https://images.craigslist.org/00l0l_4hQMgYZxRpTz_09G07g_600x450.jpg,NA,,ny,42.598179,-73.708295,2021-04-19T10:00:54-0400
7309235615,https://albany.craigslist.org/ctd/d/rensselaer-2018-tesla-model-75d/7309235615.html,albany,https://albany.craigslist.org,52997,2018,tesla,model s,excellent,,gas,24445,clean,automatic,,4wd,,hatchback,black,https://images.craigslist.org/00l0l_4hQMgYZxRpTz_09G07g_600x450.jpg,NA,,ny,42.598179,-73.708295,2021-04-19T11:00:24-0400
7311822514,https://hudsonvalley.craigslist.org/ctd/d/rensselaer-2018-tesla-model-75d/7311822514.html,hudson valley,https://hudsonvalley.craigslist.org,52997,2018,tesla,model s,excellent,,gas,24445,clean,automatic,,4wd,,hatchback,black,https://images.craigslist.org/00l0l_4hQMgYZxRpTz_09G07g_600x450.jpg,NA,,ny,42.598179,-73.708295,2021-04-24T10:00:51-0400
7304038408,https://southjersey.craigslist.org/ctd/d/farmingdale-2019-tesla-model-matte-gray/7304038408.html,south jersey,https://southjersey.craigslist.org,74995,2019,tesla,model s,,,electric,16717,clean,automatic,5YJSA1E47KF332464,,,,,https://images.craigslist.org/00M0M_gDXVLaGB8ASz_0ak06T_600x450.jpg,NA,,nj,40.2043,-74.1779,2021-04-09T02:39:55-0400
7314787325,https://longisland.craigslist.org/cto/d/centereach-2017-model-100d/7314787325.html,long island,https://longisland.craigslist.org,56500,2017,tesla,model s 100d,excellent,,electric,48000,clean,automatic,,4wd,,,,https://images.craigslist.org/00505_7Wk7R3NB8nnz_0CI0t2_600x450.jpg,NA,,ny,40.8705,-73.0822,2021-04-30T10:27:02-0400
7313296440,https://cnj.craigslist.org/cto/d/piscataway-refreshed-look-2016-tesla/7313296440.html,central NJ,https://cnj.craigslist.org,43900,2016,tesla,model s 70,like new,,electric,23600,clean,automatic,5YJSA1E18GF140905,rwd,full-size,sedan,blue,https://images.craigslist.org/00Y0Y_8cWuPnjpeLrz_0CI0iP_600x450.jpg,NA,,nj,40.5515,-74.459,2021-04-27T10:19:10-0400
7315342723,https://washingtondc.craigslist.org/mld/ctd/d/washington-2013-tesla-model-performance/7315342723.html,"washington, DC",https://washingtondc.craigslist.org,30990,2013,tesla,model s performance sedan,good,,electric,92418,clean,other,5YJSA1CP8DFP23588,rwd,,sedan,,https://images.craigslist.org/00q0q_imgUQ97B4W4z_0gw0co_600x450.jpg,NA,,dc,38.89,-77.03,2021-05-01T12:21:53-0400
7315379267,https://boston.craigslist.org/nos/ctd/d/revere-2013-tesla-model-performance/7315379267.html,boston,https://boston.craigslist.org,30990,2013,tesla,model s performance sedan,good,,electric,92418,clean,other,5YJSA1CP8DFP23588,rwd,,sedan,,https://images.craigslist.org/00q0q_imgUQ97B4W4z_0gw0co_600x450.jpg,NA,,ma,42.41,-70.99,2021-05-01T13:21:35-0400
7316919353,https://baltimore.craigslist.org/ctd/d/baltimore-2013-tesla-model-performance/7316919353.html,baltimore,https://baltimore.craigslist.org,30990,2013,tesla,model s performance sedan,good,,electric,92418,clean,other,5YJSA1CP8DFP23588,rwd,,sedan,,https://images.craigslist.org/00q0q_imgUQ97B4W4z_0gw0co_600x450.jpg,NA,,md,39.3,-76.61,2021-05-04T16:21:22-0400
7316946843,https://nh.craigslist.org/ctd/d/manchester-2013-tesla-model-performance/7316946843.html,new hampshire,https://nh.craigslist.org,30990,2013,tesla,model s performance sedan,good,,electric,92418,clean,other,5YJSA1CP8DFP23588,rwd,,sedan,,https://images.craigslist.org/00q0q_imgUQ97B4W4z_0gw0co_600x450.jpg,NA,,nh,42.99,-71.45,2021-05-04T17:11:13-0400
7316913892,https://pittsburgh.craigslist.org/ctd/d/pittsburgh-2013-tesla-model-performance/7316913892.html,pittsburgh,https://pittsburgh.craigslist.org,30990,2013,tesla,model s performance sedan,good,,electric,92418,clean,other,5YJSA1CP8DFP23588,rwd,,sedan,,https://images.craigslist.org/00q0q_imgUQ97B4W4z_0gw0co_600x450.jpg,NA,,pa,40.43,-79.97,2021-05-04T16:11:37-0400
7316702363,https://westernmass.craigslist.org/ctd/d/springfield-2013-tesla-model-sedan-4d/7316702363.html,western massachusetts,https://westernmass.craigslist.org,29990,2013,tesla,model s sedan 4d,good,,electric,59613,clean,other,5YJSA1CG5DFP16162,rwd,,sedan,blue,https://images.craigslist.org/00k0k_oXcEnFUYCPz_0gw0co_600x450.jpg,NA,,ma,42.11,-72.53,2021-05-04T10:31:22-0400
7316925077,https://hudsonvalley.craigslist.org/ctd/d/kingston-2013-tesla-model-sedan-4d/7316925077.html,hudson valley,https://hudsonvalley.craigslist.org,29990,2013,tesla,model s sedan 4d,good,,electric,59613,clean,other,5YJSA1CG5DFP16162,rwd,,sedan,blue,https://images.craigslist.org/00k0k_oXcEnFUYCPz_0gw0co_600x450.jpg,NA,,ny,41.93,-73.99,2021-05-04T16:31:36-0400
7315296471,https://washingtondc.craigslist.org/nva/ctd/d/washington-2013-tesla-model-sedan-4d/7315296471.html,"washington, DC",https://washingtondc.craigslist.org,27990,2013,tesla,model s sedan 4d,good,,hybrid,89895,clean,other,5YJSA1CN9DFP09326,rwd,,sedan,red,https://images.craigslist.org/00N0N_fTXARJDdKr3z_0gw0co_600x450.jpg,NA,,dc,38.89,-77.03,2021-05-01T11:01:33-0400
7308871604,https://worcester.craigslist.org/ctd/d/worcester-2013-tesla-model-sedan-4d/7308871604.html,worcester / central MA,https://worcester.craigslist.org,30590,2013,tesla,model s sedan 4d,good,,other,95110,clean,other,5YJSA1CN4DFP18077,rwd,,sedan,black,https://images.craigslist.org/01111_7JeZAYfNkEaz_0gw0co_600x450.jpg,NA,,ma,42.26,-71.8,2021-04-18T15:00:42-0400
7308830862,https://cnj.craigslist.org/ctd/d/trenton-2013-tesla-model-sedan-4d-sedan/7308830862.html,central NJ,https://cnj.craigslist.org,30590,2013,tesla,model s sedan 4d,good,,other,95110,clean,other,5YJSA1CN4DFP18077,rwd,,sedan,black,https://images.craigslist.org/01111_7JeZAYfNkEaz_0gw0co_600x450.jpg,NA,,nj,40.22,-74.76,2021-04-18T13:50:38-0400
7308888862,https://pittsburgh.craigslist.org/ctd/d/pittsburgh-2013-tesla-model-sedan-4d/7308888862.html,pittsburgh,https://pittsburgh.craigslist.org,30590,2013,tesla,model s sedan 4d,good,,other,95110,clean,other,5YJSA1CN4DFP18077,rwd,,sedan,black,https://images.craigslist.org/01111_7JeZAYfNkEaz_0gw0co_600x450.jpg,NA,,pa,40.43,-79.97,2021-04-18T15:30:34-0400
7316680992,https://washingtondc.craigslist.org/doc/ctd/d/arlington-2014-tesla-model-sedan-4d/7316680992.html,"washington, DC",https://washingtondc.craigslist.org,37590,2014,tesla,model s sedan 4d,good,,electric,63727,clean,other,5YJSA1H17EFP65515,rwd,,sedan,,https://images.craigslist.org/00M0M_5AlXGsnCZZDz_0gw0co_600x450.jpg,NA,,dc,38.87,-77.1,2021-05-04T09:52:07-0400
7311998971,https://providence.craigslist.org/ctd/d/providence-2014-tesla-model-sedan-4d/7311998971.html,rhode island,https://providence.craigslist.org,32990,2014,tesla,model s sedan 4d,good,,other,72239,clean,other,5YJSA1H12EFP38366,rwd,,sedan,blue,https://images.craigslist.org/00404_b7hBCJZI4a2z_0gw0co_600x450.jpg,NA,,ri,41.82,-71.41,2021-04-24T14:51:04-0400
7313400990,https://nwct.craigslist.org/ctd/d/collinsville-2013-tesla-model-signature/7313400990.html,northwest CT,https://nwct.craigslist.org,32990,2013,tesla,model s signature,good,,electric,62588,clean,other,5YJSA1DP8DFP06269,rwd,,sedan,white,https://images.craigslist.org/00101_bUsS3gUIrQ1z_0gw0co_600x450.jpg,NA,,ct,41.81,-72.9,2021-04-27T13:11:12-0400
7313517338,https://newhaven.craigslist.org/ctd/d/new-haven-2013-tesla-model-signature/7313517338.html,new haven,https://newhaven.craigslist.org,32990,2013,tesla,model s signature,good,,electric,62588,clean,other,5YJSA1DP8DFP06269,rwd,,sedan,white,https://images.craigslist.org/00101_bUsS3gUIrQ1z_0gw0co_600x450.jpg,NA,,ct,41.31,-72.92,2021-04-27T16:21:34-0400
7313538540,https://hartford.craigslist.org/ctd/d/hartford-2013-tesla-model-signature/7313538540.html,hartford,https://hartford.craigslist.org,32990,2013,tesla,model s signature,good,,electric,62588,clean,other,5YJSA1DP8DFP06269,rwd,,sedan,white,https://images.craigslist.org/00101_bUsS3gUIrQ1z_0gw0co_600x450.jpg,NA,,ct,41.76,-72.68,2021-04-27T17:00:50-0400
7313267065,https://washingtondc.craigslist.org/doc/ctd/d/arlington-2013-tesla-model-signature/7313267065.html,"washington, DC",https://washingtondc.craigslist.org,32990,2013,tesla,model s signature,good,,electric,62588,clean,other,5YJSA1DP8DFP06269,rwd,,sedan,white,https://images.craigslist.org/00101_bUsS3gUIrQ1z_0gw0co_600x450.jpg,NA,,dc,38.87,-77.1,2021-04-27T09:17:59-0400
7313248528,https://westernmass.craigslist.org/ctd/d/springfield-2013-tesla-model-signature/7313248528.html,western massachusetts,https://westernmass.craigslist.org,32990,2013,tesla,model s signature,good,,electric,62588,clean,other,5YJSA1DP8DFP06269,rwd,,sedan,white,https://images.craigslist.org/00101_bUsS3gUIrQ1z_0gw0co_600x450.jpg,NA,,ma,42.11,-72.53,2021-04-27T08:20:36-0400
7313375181,https://southcoast.craigslist.org/ctd/d/boston-2013-tesla-model-signature/7313375181.html,south coast,https://southcoast.craigslist.org,32990,2013,tesla,model s signature,good,,electric,62588,clean,other,5YJSA1DP8DFP06269,rwd,,sedan,white,https://images.craigslist.org/00101_bUsS3gUIrQ1z_0gw0co_600x450.jpg,NA,,ma,42.35,-71.06,2021-04-27T12:31:11-0400
7313476274,https://boston.craigslist.org/nwb/ctd/d/haverhill-2013-tesla-model-signature/7313476274.html,boston,https://boston.craigslist.org,32990,2013,tesla,model s signature,good,,electric,62588,clean,other,5YJSA1DP8DFP06269,rwd,,sedan,white,https://images.craigslist.org/00101_bUsS3gUIrQ1z_0gw0co_600x450.jpg,NA,,ma,42.78,-71.08,2021-04-27T15:11:34-0400
7313511304,https://worcester.craigslist.org/ctd/d/worcester-2013-tesla-model-signature/7313511304.html,worcester / central MA,https://worcester.craigslist.org,32990,2013,tesla,model s signature,good,,electric,62588,clean,other,5YJSA1DP8DFP06269,rwd,,sedan,white,https://images.craigslist.org/00101_bUsS3gUIrQ1z_0gw0co_600x450.jpg,NA,,ma,42.26,-71.8,2021-04-27T16:11:09-0400
7313426369,https://annapolis.craigslist.org/ctd/d/annapolis-2013-tesla-model-signature/7313426369.html,annapolis,https://annapolis.craigslist.org,32990,2013,tesla,model s signature,good,,electric,62588,clean,other,5YJSA1DP8DFP06269,rwd,,sedan,white,https://images.craigslist.org/00101_bUsS3gUIrQ1z_0gw0co_600x450.jpg,NA,,md,38.97,-76.5,2021-04-27T13:51:05-0400
7313439447,https://smd.craigslist.org/ctd/d/alexandria-2013-tesla-model-signature/7313439447.html,southern maryland,https://smd.craigslist.org,32990,2013,tesla,model s signature,good,,electric,62588,clean,other,5YJSA1DP8DFP06269,rwd,,sedan,white,https://images.craigslist.org/00101_bUsS3gUIrQ1z_0gw0co_600x450.jpg,NA,,md,38.82,-77.08,2021-04-27T14:12:03-0400
7313457366,https://easternshore.craigslist.org/ctd/d/ocean-city-2013-tesla-model-signature/7313457366.html,eastern shore,https://easternshore.craigslist.org,32990,2013,tesla,model s signature,good,,electric,62588,clean,other,5YJSA1DP8DFP06269,rwd,,sedan,white,https://images.craigslist.org/00101_bUsS3gUIrQ1z_0gw0co_600x450.jpg,NA,,md,38.33,-75.08,2021-04-27T14:40:58-0400
7313487998,https://baltimore.craigslist.org/ctd/d/baltimore-2013-tesla-model-signature/7313487998.html,baltimore,https://baltimore.craigslist.org,32990,2013,tesla,model s signature,good,,electric,62588,clean,other,5YJSA1DP8DFP06269,rwd,,sedan,white,https://images.craigslist.org/00101_bUsS3gUIrQ1z_0gw0co_600x450.jpg,NA,,md,39.3,-76.61,2021-04-27T15:31:09-0400
7314848039,https://chambersburg.craigslist.org/ctd/d/hyndman-2013-tesla-model-signature/7314848039.html,cumberland valley,https://chambersburg.craigslist.org,32990,2013,tesla,model s signature,good,,electric,62588,clean,other,5YJSA1DP8DFP06269,rwd,,sedan,white,https://images.craigslist.org/00101_bUsS3gUIrQ1z_0gw0co_600x450.jpg,NA,,md,39.82,-78.72,2021-04-30T12:11:10-0400
7314903738,https://frederick.craigslist.org/ctd/d/frederick-2013-tesla-model-signature/7314903738.html,frederick,https://frederick.craigslist.org,32990,2013,tesla,model s signature,good,,electric,62588,clean,other,5YJSA1DP8DFP06269,rwd,,sedan,white,https://images.craigslist.org/00101_bUsS3gUIrQ1z_0gw0co_600x450.jpg,NA,,md,39.42,-77.41,2021-04-30T13:41:03-0400
7313517217,https://greensboro.craigslist.org/ctd/d/greensboro-2013-tesla-model-signature/7313517217.html,greensboro,https://greensboro.craigslist.org,32990,2013,tesla,model s signature,good,,electric,62588,clean,other,5YJSA1DP8DFP06269,rwd,,sedan,white,https://images.craigslist.org/00101_bUsS3gUIrQ1z_0gw0co_600x450.jpg,NA,,nc,36.07,-79.82,2021-04-27T16:21:24-0400
7313522458,https://raleigh.craigslist.org/ctd/d/raleigh-2013-tesla-model-signature/7313522458.html,raleigh / durham / CH,https://raleigh.craigslist.org,32990,2013,tesla,model s signature,good,,electric,62588,clean,other,5YJSA1DP8DFP06269,rwd,,sedan,white,https://images.craigslist.org/00101_bUsS3gUIrQ1z_0gw0co_600x450.jpg,NA,,nc,35.82,-78.65,2021-04-27T16:30:57-0400
7314800477,https://eastnc.craigslist.org/ctd/d/greenville-2013-tesla-model-signature/7314800477.html,eastern NC,https://eastnc.craigslist.org,32990,2013,tesla,model s signature,good,,electric,62588,clean,other,5YJSA1DP8DFP06269,rwd,,sedan,white,https://images.craigslist.org/00101_bUsS3gUIrQ1z_0gw0co_600x450.jpg,NA,,nc,35.59,-77.37,2021-04-30T10:51:29-0400
7314812005,https://onslow.craigslist.org/ctd/d/jacksonville-2013-tesla-model-signature/7314812005.html,jacksonville,https://onslow.craigslist.org,32990,2013,tesla,model s signature,good,,electric,62588,clean,other,5YJSA1DP8DFP06269,rwd,,sedan,white,https://images.craigslist.org/00101_bUsS3gUIrQ1z_0gw0co_600x450.jpg,NA,,nc,34.76,-77.4,2021-04-30T11:11:08-0400
7314848368,https://fayetteville.craigslist.org/ctd/d/fayetteville-2013-tesla-model-signature/7314848368.html,fayetteville,https://fayetteville.craigslist.org,32990,2013,tesla,model s signature,good,,electric,62588,clean,other,5YJSA1DP8DFP06269,rwd,,sedan,white,https://images.craigslist.org/00101_bUsS3gUIrQ1z_0gw0co_600x450.jpg,NA,,nc,35.05,-78.87,2021-04-30T12:11:35-0400
7313544203,https://nh.craigslist.org/ctd/d/manchester-2013-tesla-model-signature/7313544203.html,new hampshire,https://nh.craigslist.org,32990,2013,tesla,model s signature,good,,electric,62588,clean,other,5YJSA1DP8DFP06269,rwd,,sedan,white,https://images.craigslist.org/00101_bUsS3gUIrQ1z_0gw0co_600x450.jpg,NA,,nh,42.99,-71.45,2021-04-27T17:11:16-0400
7313463659,https://cnj.craigslist.org/ctd/d/trenton-2013-tesla-model-signature/7313463659.html,central NJ,https://cnj.craigslist.org,32990,2013,tesla,model s signature,good,,electric,62588,clean,other,5YJSA1DP8DFP06269,rwd,,sedan,white,https://images.craigslist.org/00101_bUsS3gUIrQ1z_0gw0co_600x450.jpg,NA,,nj,40.22,-74.76,2021-04-27T14:51:08-0400
7313482033,https://jerseyshore.craigslist.org/ctd/d/ocean-city-2013-tesla-model-signature/7313482033.html,jersey shore,https://jerseyshore.craigslist.org,32990,2013,tesla,model s signature,good,,electric,62588,clean,other,5YJSA1DP8DFP06269,rwd,,sedan,white,https://images.craigslist.org/00101_bUsS3gUIrQ1z_0gw0co_600x450.jpg,NA,,nj,39.26,-74.6,2021-04-27T15:21:06-0400
7313493848,https://southjersey.craigslist.org/ctd/d/vineland-2013-tesla-model-signature/7313493848.html,south jersey,https://southjersey.craigslist.org,32990,2013,tesla,model s signature,good,,electric,62588,clean,other,5YJSA1DP8DFP06269,rwd,,sedan,white,https://images.craigslist.org/00101_bUsS3gUIrQ1z_0gw0co_600x450.jpg,NA,,nj,39.46,-74.99,2021-04-27T15:41:00-0400
7313528310,https://newjersey.craigslist.org/ctd/d/ringoes-2013-tesla-model-signature/7313528310.html,north jersey,https://newjersey.craigslist.org,32990,2013,tesla,model s signature,good,,electric,62588,clean,other,5YJSA1DP8DFP06269,rwd,,sedan,white,https://images.craigslist.org/00101_bUsS3gUIrQ1z_0gw0co_600x450.jpg,NA,,nj,40.44,-74.82,2021-04-27T16:41:29-0400
7313457739,https://rochester.craigslist.org/ctd/d/rochester-2013-tesla-model-signature/7313457739.html,rochester,https://rochester.craigslist.org,32990,2013,tesla,model s signature,good,,electric,62588,clean,other,5YJSA1DP8DFP06269,rwd,,sedan,white,https://images.craigslist.org/00101_bUsS3gUIrQ1z_0gw0co_600x450.jpg,NA,,ny,43.16,-77.61,2021-04-27T14:41:28-0400
7313493941,https://buffalo.craigslist.org/ctd/d/buffalo-2013-tesla-model-signature/7313493941.html,buffalo,https://buffalo.craigslist.org,32990,2013,tesla,model s signature,good,,electric,62588,clean,other,5YJSA1DP8DFP06269,rwd,,sedan,white,https://images.craigslist.org/00101_bUsS3gUIrQ1z_0gw0co_600x450.jpg,NA,,ny,42.88,-78.85,2021-04-27T15:41:07-0400
7313493962,https://syracuse.craigslist.org/ctd/d/syracuse-2013-tesla-model-signature/7313493962.html,syracuse,https://syracuse.craigslist.org,32990,2013,tesla,model s signature,good,,electric,62588,clean,other,5YJSA1DP8DFP06269,rwd,,sedan,white,https://images.craigslist.org/00101_bUsS3gUIrQ1z_0gw0co_600x450.jpg,NA,,ny,43.04,-76.14,2021-04-27T15:41:08-0400
7313505815,https://albany.craigslist.org/ctd/d/albany-2013-tesla-model-signature/7313505815.html,albany,https://albany.craigslist.org,32990,2013,tesla,model s signature,good,,electric,62588,clean,other,5YJSA1DP8DFP06269,rwd,,sedan,white,https://images.craigslist.org/00101_bUsS3gUIrQ1z_0gw0co_600x450.jpg,NA,,ny,42.66,-73.79,2021-04-27T16:01:33-0400
7313522538,https://hudsonvalley.craigslist.org/ctd/d/kingston-2013-tesla-model-signature/7313522538.html,hudson valley,https://hudsonvalley.craigslist.org,32990,2013,tesla,model s signature,good,,electric,62588,clean,other,5YJSA1DP8DFP06269,rwd,,sedan,white,https://images.craigslist.org/00101_bUsS3gUIrQ1z_0gw0co_600x450.jpg,NA,,ny,41.93,-73.99,2021-04-27T16:31:03-0400
7313538770,https://longisland.craigslist.org/ctd/d/ronkonkoma-2013-tesla-model-signature/7313538770.html,long island,https://longisland.craigslist.org,32990,2013,tesla,model s signature,good,,electric,62588,clean,other,5YJSA1DP8DFP06269,rwd,,sedan,white,https://images.craigslist.org/00101_bUsS3gUIrQ1z_0gw0co_600x450.jpg,NA,,ny,40.8,-73.12,2021-04-27T17:01:07-0400
7314891572,https://chautauqua.craigslist.org/ctd/d/mayville-2013-tesla-model-signature/7314891572.html,chautauqua,https://chautauqua.craigslist.org,32990,2013,tesla,model s signature,good,,electric,62588,clean,other,5YJSA1DP8DFP06269,rwd,,sedan,white,https://images.craigslist.org/00101_bUsS3gUIrQ1z_0gw0co_600x450.jpg,NA,,ny,42.25,-79.5,2021-04-30T13:21:12-0400
7314909899,https://catskills.craigslist.org/ctd/d/catskill-2013-tesla-model-signature/7314909899.html,catskills,https://catskills.craigslist.org,32990,2013,tesla,model s signature,good,,electric,62588,clean,other,5YJSA1DP8DFP06269,rwd,,sedan,white,https://images.craigslist.org/00101_bUsS3gUIrQ1z_0gw0co_600x450.jpg,NA,,ny,42.21,-73.86,2021-04-30T13:51:10-0400
7314910111,https://watertown.craigslist.org/ctd/d/watertown-2013-tesla-model-signature/7314910111.html,watertown,https://watertown.craigslist.org,32990,2013,tesla,model s signature,good,,electric,62588,clean,other,5YJSA1DP8DFP06269,rwd,,sedan,white,https://images.craigslist.org/00101_bUsS3gUIrQ1z_0gw0co_600x450.jpg,NA,,ny,43.97,-75.91,2021-04-30T13:51:26-0400
7314965221,https://fingerlakes.craigslist.org/ctd/d/geneva-2013-tesla-model-signature/7314965221.html,finger lakes,https://fingerlakes.craigslist.org,32990,2013,tesla,model s signature,good,,electric,62588,clean,other,5YJSA1DP8DFP06269,rwd,,sedan,white,https://images.craigslist.org/00101_bUsS3gUIrQ1z_0gw0co_600x450.jpg,NA,,ny,42.86,-76.98,2021-04-30T15:21:15-0400
7314976751,https://utica.craigslist.org/ctd/d/utica-2013-tesla-model-signature/7314976751.html,utica-rome-oneida,https://utica.craigslist.org,32990,2013,tesla,model s signature,good,,electric,62588,clean,other,5YJSA1DP8DFP06269,rwd,,sedan,white,https://images.craigslist.org/00101_bUsS3gUIrQ1z_0gw0co_600x450.jpg,NA,,ny,43.1,-75.23,2021-04-30T15:41:35-0400
7313522347,https://allentown.craigslist.org/ctd/d/easton-2013-tesla-model-signature/7313522347.html,lehigh valley,https://allentown.craigslist.org,32990,2013,tesla,model s signature,good,,electric,62588,clean,other,5YJSA1DP8DFP06269,rwd,,sedan,white,https://images.craigslist.org/00101_bUsS3gUIrQ1z_0gw0co_600x450.jpg,NA,,pa,40.68,-75.22,2021-04-27T16:30:46-0400
7313533496,https://pittsburgh.craigslist.org/ctd/d/pittsburgh-2013-tesla-model-signature/7313533496.html,pittsburgh,https://pittsburgh.craigslist.org,32990,2013,tesla,model s signature,good,,electric,62588,clean,other,5YJSA1DP8DFP06269,rwd,,sedan,white,https://images.craigslist.org/00101_bUsS3gUIrQ1z_0gw0co_600x450.jpg,NA,,pa,40.43,-79.97,2021-04-27T16:51:14-0400
7314773976,https://lancaster.craigslist.org/ctd/d/lancaster-2013-tesla-model-signature/7314773976.html,lancaster,https://lancaster.craigslist.org,32990,2013,tesla,model s signature,good,,electric,62588,clean,other,5YJSA1DP8DFP06269,rwd,,sedan,white,https://images.craigslist.org/00101_bUsS3gUIrQ1z_0gw0co_600x450.jpg,NA,,pa,40.03319,-76.24058,2021-04-30T10:01:12-0400
7314891549,https://altoona.craigslist.org/ctd/d/altoona-2013-tesla-model-signature/7314891549.html,altoona-johnstown,https://altoona.craigslist.org,32990,2013,tesla,model s signature,good,,electric,62588,clean,other,5YJSA1DP8DFP06269,rwd,,sedan,white,https://images.craigslist.org/00101_bUsS3gUIrQ1z_0gw0co_600x450.jpg,NA,,pa,40.5,-78.4,2021-04-30T13:21:11-0400
7314940445,https://york.craigslist.org/ctd/d/york-2013-tesla-model-signature/7314940445.html,york,https://york.craigslist.org,32990,2013,tesla,model s signature,good,,electric,62588,clean,other,5YJSA1DP8DFP06269,rwd,,sedan,white,https://images.craigslist.org/00101_bUsS3gUIrQ1z_0gw0co_600x450.jpg,NA,,pa,39.96,-76.73,2021-04-30T14:41:29-0400
7315021297,https://reading.craigslist.org/ctd/d/reading-2013-tesla-model-signature/7315021297.html,reading,https://reading.craigslist.org,32990,2013,tesla,model s signature,good,,electric,62588,clean,other,5YJSA1DP8DFP06269,rwd,,sedan,white,https://images.craigslist.org/00101_bUsS3gUIrQ1z_0gw0co_600x450.jpg,NA,,pa,40.33,-75.92,2021-04-30T17:01:10-0400
7315026910,https://harrisburg.craigslist.org/ctd/d/harrisburg-2013-tesla-model-signature/7315026910.html,harrisburg,https://harrisburg.craigslist.org,32990,2013,tesla,model s signature,good,,electric,62588,clean,other,5YJSA1DP8DFP06269,rwd,,sedan,white,https://images.craigslist.org/00101_bUsS3gUIrQ1z_0gw0co_600x450.jpg,NA,,pa,40.27,-76.88,2021-04-30T17:11:18-0400
7315285780,https://providence.craigslist.org/ctd/d/providence-2013-tesla-model-signature/7315285780.html,rhode island,https://providence.craigslist.org,32990,2013,tesla,model s signature,good,,electric,62588,clean,other,5YJSA1DP8DFP06269,rwd,,sedan,white,https://images.craigslist.org/00101_bUsS3gUIrQ1z_0gw0co_600x450.jpg,NA,,ri,41.82,-71.41,2021-05-01T10:41:24-0400
7313511207,https://charleston.craigslist.org/ctd/d/charleston-2013-tesla-model-signature/7313511207.html,charleston,https://charleston.craigslist.org,32990,2013,tesla,model s signature,good,,electric,62588,clean,other,5YJSA1DP8DFP06269,rwd,,sedan,white,https://images.craigslist.org/00101_bUsS3gUIrQ1z_0gw0co_600x450.jpg,NA,,sc,32.78,-79.99,2021-04-27T16:11:02-0400
7313413978,https://harrisonburg.craigslist.org/ctd/d/harrisonburg-2013-tesla-model-signature/7313413978.html,harrisonburg,https://harrisonburg.craigslist.org,32990,2013,tesla,model s signature,good,,electric,62588,clean,other,5YJSA1DP8DFP06269,rwd,,sedan,white,https://images.craigslist.org/00101_bUsS3gUIrQ1z_0gw0co_600x450.jpg,NA,,va,38.43,-78.87,2021-04-27T13:31:30-0400
7313426192,https://fredericksburg.craigslist.org/ctd/d/fredericksburg-2013-tesla-model/7313426192.html,fredericksburg,https://fredericksburg.craigslist.org,32990,2013,tesla,model s signature,good,,electric,62588,clean,other,5YJSA1DP8DFP06269,rwd,,sedan,white,https://images.craigslist.org/00101_bUsS3gUIrQ1z_0gw0co_600x450.jpg,NA,,va,38.29,-77.48,2021-04-27T13:50:53-0400
7313505615,https://norfolk.craigslist.org/ctd/d/chesapeake-2013-tesla-model-signature/7313505615.html,norfolk / hampton roads,https://norfolk.craigslist.org,32990,2013,tesla,model s signature,good,,electric,62588,clean,other,5YJSA1DP8DFP06269,rwd,,sedan,white,https://images.craigslist.org/00101_bUsS3gUIrQ1z_0gw0co_600x450.jpg,NA,,va,36.67,-76.3,2021-04-27T16:01:17-0400
7314910194,https://winchester.craigslist.org/ctd/d/winchester-2013-tesla-model-signature/7314910194.html,winchester,https://winchester.craigslist.org,32990,2013,tesla,model s signature,good,,electric,62588,clean,other,5YJSA1DP8DFP06269,rwd,,sedan,white,https://images.craigslist.org/00101_bUsS3gUIrQ1z_0gw0co_600x450.jpg,NA,,va,39.17,-78.17,2021-04-30T13:51:34-0400
7314891614,https://martinsburg.craigslist.org/ctd/d/augusta-2013-tesla-model-signature/7314891614.html,eastern panhandle,https://martinsburg.craigslist.org,32990,2013,tesla,model s signature,good,,electric,62588,clean,other,5YJSA1DP8DFP06269,rwd,,sedan,white,https://images.craigslist.org/00101_bUsS3gUIrQ1z_0gw0co_600x450.jpg,NA,,wv,39.3,-78.59,2021-04-30T13:21:15-0400
7311220482,https://southjersey.craigslist.org/ctd/d/farmingdale-2016-tesla-model-titanium/7311220482.html,south jersey,https://southjersey.craigslist.org,53995,2016,tesla,model x,,,electric,45252,clean,automatic,5YJXCAE42GFS00347,,,,,https://images.craigslist.org/00x0x_fhGTSGYg5Yoz_0ak06T_600x450.jpg,NA,,nj,40.2043,-74.1779,2021-04-23T01:05:21-0400
7306277711,https://cnj.craigslist.org/ctd/d/farmingdale-2016-tesla-model-solid-black/7306277711.html,central NJ,https://cnj.craigslist.org,54995,2016,tesla,model x,,,electric,52298,clean,automatic,5YJXCAE49GF005460,,,,,https://images.craigslist.org/00707_iUxowt7qg0Pz_0ak06T_600x450.jpg,NA,,nj,40.2043,-74.1779,2021-04-13T14:21:52-0400
7311216621,https://southjersey.craigslist.org/ctd/d/farmingdale-2016-tesla-model-deep-blue/7311216621.html,south jersey,https://southjersey.craigslist.org,49995,2016,tesla,model x,,,electric,56812,clean,automatic,5YJXCBE23GF017477,,,,,https://images.craigslist.org/00808_4BvgJycZkkez_0ak06T_600x450.jpg,NA,,nj,40.2043,-74.1779,2021-04-23T00:40:55-0400
7303681296,https://smd.craigslist.org/ctd/d/alexandria-2016-tesla-model-90d-sport/7303681296.html,southern maryland,https://smd.craigslist.org,66990,2016,tesla,model x 90d sport utility,good,,electric,7692,clean,other,5YJXCDE24GF032033,,,SUV,blue,https://images.craigslist.org/00F0F_9vtd4WLLGKvz_0gw0co_600x450.jpg,NA,,md,38.82,-77.08,2021-04-08T12:11:14-0400
7302062614,https://fredericksburg.craigslist.org/ctd/d/fredericksburg-2016-tesla-model-90d/7302062614.html,fredericksburg,https://fredericksburg.craigslist.org,66990,2016,tesla,model x 90d sport utility,good,,electric,7692,clean,other,5YJXCDE24GF032033,,,SUV,blue,https://images.craigslist.org/00F0F_9vtd4WLLGKvz_0gw0co_600x450.jpg,NA,,va,38.29,-77.48,2021-04-05T11:11:22-0400
7306082138,https://fredericksburg.craigslist.org/ctd/d/fredericksburg-2017-tesla-model-90d/7306082138.html,fredericksburg,https://fredericksburg.craigslist.org,66990,2017,tesla,model x 90d sport utility,good,,other,16489,clean,other,5YJXCDE25HF057721,,,other,blue,https://images.craigslist.org/00a0a_9sFLPnvwt6Sz_0gw0co_600x450.jpg,NA,,va,38.29,-77.48,2021-04-13T08:45:35-0400
7313762025,https://boston.craigslist.org/gbs/ctd/d/salem-2017-tesla-modle-75d/7313762025.html,boston,https://boston.craigslist.org,49999,2017,tesla,modle s 75d,,,electric,40000,clean,automatic,,,,,,https://images.craigslist.org/00w0w_jhWA4fLzex6z_0CI0t2_600x450.jpg,NA,,ma,42.7846,-71.2176,2021-04-28T08:57:42-0400
7309245547,https://longisland.craigslist.org/cto/d/east-setauket-2013-p85-tesla/7309245547.html,long island,https://longisland.craigslist.org,25000,2013,tesla,s,salvage,other,electric,13000,salvage,automatic,,fwd,full-size,sedan,black,https://images.craigslist.org/00e0e_6vZsUSMrwGTz_0t20CI_600x450.jpg,NA,,ny,40.9426,-73.1116,2021-04-19T11:14:01-0400
7314903691,https://newjersey.craigslist.org/cto/d/fair-lawn-car-for-sale/7314903691.html,north jersey,https://newjersey.craigslist.org,39995,2015,tesla,s,good,,electric,41700,clean,automatic,,4wd,mid-size,sedan,blue,https://images.craigslist.org/01313_5mwz796af04z_07K0ak_600x450.jpg,NA,,nj,40.9343,-74.1166,2021-04-30T13:40:59-0400
7313808036,https://nh.craigslist.org/ctd/d/salem-2016-tesla-model-90d-awd/7313808036.html,new hampshire,https://nh.craigslist.org,55995,2016,tesla,s,like new,,electric,28000,clean,automatic,,4wd,,sedan,,https://images.craigslist.org/00Y0Y_cUjeVsBOShAz_0ky0fy_600x450.jpg,NA,,nh,42.7846,-71.2176,2021-04-28T10:36:03-0400
7311661535,https://richmond.craigslist.org/cto/d/richmond-2016-tesla-90/7311661535.html,richmond,https://richmond.craigslist.org,45000,2016,tesla,s model 90d,excellent,other,electric,53248,clean,automatic,,4wd,full-size,sedan,white,https://images.craigslist.org/00U0U_XBdEAELebNz_0CI0t2_600x450.jpg,NA,,va,37.4638,-77.398,2021-04-23T20:14:04-0400
7308020062,https://cnj.craigslist.org/cto/d/somerset-tesla-model-p85/7308020062.html,central NJ,https://cnj.craigslist.org,40000,2013,tesla,s p85,like new,,electric,72172,clean,automatic,,,full-size,sedan,yellow,https://images.craigslist.org/01313_feZ1vPJpPkpz_1320MM_600x450.jpg,NA,,nj,40.5007,-74.5013,2021-04-16T19:43:18-0400
7307892422,https://baltimore.craigslist.org/cto/d/white-marsh-tesla-model-p85/7307892422.html,baltimore,https://baltimore.craigslist.org,31500,2013,tesla,s p85+,excellent,other,electric,94000,clean,automatic,,,,sedan,blue,https://images.craigslist.org/00b0b_4Wo1tHZcBBMz_11X0DR_600x450.jpg,NA,,md,39.3923,-76.4132,2021-04-16T15:42:18-0400
